City_ID,City,Country,Lat,Lng,Max Temp,Humidity,Cloudiness,Wind Speed,Weather Type
0,Tiksi,RU,71.6872,128.8694,42.69,74,100,9.17,overcast clouds
1,Praya,CV,14.9215,-23.5087,72.14,88,75,11.5,broken clouds
2,Mezen,RU,65.8522,44.24,52.75,71,31,5.73,scattered clouds
3,Atuona,PF,-9.8,-139.0333,77.34,78,59,21.27,light rain
4,Norman Wells,CA,65.282,-126.8329,55.44,58,40,11.5,scattered clouds
5,Cidreira,BR,-30.1811,-50.2056,60.94,89,2,12.5,clear sky
6,Pacifica,US,37.6138,-122.4869,81.82,70,0,24.16,haze
7,Kalmunai,LK,7.4167,81.8167,81.55,77,100,2.68,overcast clouds
8,Hambantota,LK,6.1241,81.1185,82.18,75,100,17.78,overcast clouds
9,Hilo,US,19.7297,-155.09,83.28,69,40,8.05,scattered clouds
10,Isaka,TZ,-3.9,32.9333,65.57,52,67,4.65,broken clouds
11,Barrow,US,71.2906,-156.7887,37.42,81,0,9.22,clear sky
12,Rikitea,PF,-23.1203,-134.9692,73.09,70,56,7.76,broken clouds
13,Atar,MR,20.5169,-13.0499,91.85,32,9,4.41,clear sky
14,Dingle,PH,10.9995,122.6711,87.19,65,30,1.32,scattered clouds
15,New Norfolk,AU,-42.7826,147.0587,48.92,87,100,1.36,moderate rain
16,Albany,US,42.6001,-73.9662,66.61,75,32,4.47,scattered clouds
17,Pevek,RU,69.7008,170.3133,37.15,75,53,5.68,broken clouds
18,Hamilton,US,39.1834,-84.5333,84.99,77,0,6.91,clear sky
19,Cape Town,ZA,-33.9258,18.4232,48.9,94,75,8.05,light rain
20,Chuy,UY,-33.6971,-53.4616,51.96,92,7,6.42,clear sky
21,Georgetown,MY,5.4112,100.3354,84.13,83,20,2.3,few clouds
22,Ugoofaaru,MV,5.6667,73.0,82.69,75,30,11.18,scattered clouds
23,Jamestown,US,42.097,-79.2353,65.52,77,0,1.01,clear sky
24,Port Alfred,ZA,-33.5906,26.891,54.18,66,41,5.01,scattered clouds
25,Hermanus,ZA,-34.4187,19.2345,46.8,71,43,11.16,light rain
26,Ushuaia,AR,-54.8,-68.3,38.86,65,40,12.66,scattered clouds
27,East London,ZA,-33.0153,27.9116,60.26,51,2,21.68,clear sky
28,Arraial Do Cabo,BR,-22.9661,-42.0278,67.82,64,100,6.85,overcast clouds
29,Kresttsy,RU,58.2452,32.5165,49.82,98,100,9.86,light rain
30,Rincon,US,32.296,-81.2354,80.85,93,75,4.61,broken clouds
31,Omsukchan,RU,62.5333,155.8,58.12,39,100,6.46,overcast clouds
32,Zhigansk,RU,66.7697,123.3711,63.34,58,99,6.91,overcast clouds
33,Provideniya,RU,64.3833,-173.3,39.36,81,75,11.18,broken clouds
34,Airai,TL,-8.9266,125.4092,68.97,69,91,4.0,overcast clouds
35,Punta Arenas,CL,-53.15,-70.9167,35.71,87,0,9.22,clear sky
36,Monrovia,LR,6.3005,-10.7969,78.49,76,100,9.4,overcast clouds
37,Nishihara,JP,26.1842,127.7558,78.85,94,75,13.8,mist
38,Abu Dhabi,AE,24.4667,54.3667,91.51,60,0,3.44,clear sky
39,Busselton,AU,-33.65,115.3333,64.65,59,93,16.96,overcast clouds
40,Rio Gallegos,AR,-51.6226,-69.2181,32.05,80,0,9.22,clear sky
41,Deputatskiy,RU,69.3,139.9,65.89,23,38,11.99,scattered clouds
42,Bredasdorp,ZA,-34.5322,20.0403,46.67,90,34,7.18,light rain
43,Qui Nhon,VN,13.7667,109.2333,86.7,65,100,5.91,overcast clouds
44,Baghdad,IQ,33.3406,44.4009,78.71,38,0,5.75,clear sky
45,Souillac,MU,-20.5167,57.5167,70.18,83,40,10.36,scattered clouds
46,Butaritari,KI,3.0707,172.7902,82.47,68,100,12.33,overcast clouds
47,Chokurdakh,RU,70.6333,147.9167,74.1,21,37,7.47,scattered clouds
48,Nikolskoye,RU,59.7035,30.7861,53.8,99,61,3.67,broken clouds
49,Puerto Ayora,EC,-0.7393,-90.3518,71.55,90,82,4.0,broken clouds
50,Verkhnetulomskiy,RU,68.6073,31.7962,44.73,93,85,8.55,overcast clouds
51,Garissa,KE,-0.4536,39.6401,72.72,87,13,12.84,few clouds
52,Linqiong,CN,30.4159,103.4609,84.02,62,100,2.53,light rain
53,Sitka,US,57.0531,-135.33,53.49,71,100,5.75,overcast clouds
54,Waingapu,ID,-9.6567,120.2641,84.38,69,99,14.74,overcast clouds
55,Ippy,CF,6.2679,21.2247,69.53,95,100,2.01,overcast clouds
56,Cabo San Lucas,MX,22.8909,-109.9124,94.3,50,0,19.57,clear sky
57,Caravelas,BR,-17.7125,-39.2481,71.13,62,27,8.7,scattered clouds
58,Mount Gambier,AU,-37.8333,140.7667,57.11,88,100,14.97,overcast clouds
59,Klaksvik,FO,62.2266,-6.589,50.92,99,100,11.01,overcast clouds
60,Yulara,AU,-25.2406,130.9889,68.05,39,0,6.17,clear sky
61,Kahului,US,20.8947,-156.47,84.22,64,20,24.16,few clouds
62,Libertador General San Martin,AR,-23.8064,-64.7876,52.97,57,0,3.29,clear sky
63,Hithadhoo,MV,-0.6,73.0833,82.67,70,98,6.22,overcast clouds
64,Tasiilaq,GL,65.6145,-37.6368,39.36,97,100,17.27,light rain
65,Olafsvik,IS,64.8945,-23.7142,48.61,75,99,15.05,overcast clouds
66,Bluff,NZ,-46.6,168.3333,46.8,75,100,24.36,light rain
67,Flinders,AU,-34.5833,150.8552,66.38,53,6,1.99,clear sky
68,Hasaki,JP,35.7333,140.8333,68.29,84,100,11.97,light rain
69,Cherskiy,RU,68.75,161.3,68.32,25,6,7.58,clear sky
70,Barcelos,PT,41.5388,-8.6151,66.85,82,4,2.46,clear sky
71,Shuyskoye,RU,59.3736,41.0305,58.96,98,100,6.87,light rain
72,Moose Factory,CA,51.2585,-80.6094,59.0,88,75,4.61,broken clouds
73,Lorengau,PG,-2.0226,147.2712,85.46,64,6,10.38,clear sky
74,Ofaqim,IL,31.3141,34.6203,70.29,74,0,2.24,clear sky
75,Fortuna,US,40.5982,-124.1573,60.85,74,20,13.8,few clouds
76,Esil,KZ,51.9556,66.4042,60.85,69,5,8.5,clear sky
77,Kangaatsiaq,GL,68.3065,-53.4641,32.99,80,49,12.39,scattered clouds
78,Rancho Palos Verdes,US,33.7445,-118.387,75.99,77,0,12.66,clear sky
79,Puerto Narino,CO,-3.7703,-70.3831,71.73,86,60,1.25,broken clouds
80,Kapaa,US,22.0752,-159.319,84.18,73,75,19.57,broken clouds
81,Luderitz,NA,-26.6481,15.1594,55.36,71,0,6.89,clear sky
82,Okha,RU,53.5739,142.9478,55.78,80,82,2.3,broken clouds
83,America Dourada,BR,-11.4553,-41.4361,65.8,86,64,11.21,broken clouds
84,San Cristobal,VE,7.7669,-72.225,73.58,99,100,3.44,overcast clouds
85,Vaini,TO,-21.2,-175.2,78.96,73,20,6.91,few clouds
86,Lebu,CL,-37.6167,-73.65,51.49,93,100,8.86,overcast clouds
87,Qaanaaq,GL,77.484,-69.3632,27.18,81,99,3.8,overcast clouds
88,Izberbash,RU,42.5696,47.8645,71.65,68,100,9.78,overcast clouds
89,Nianzishan,CN,47.5167,122.8833,73.4,58,23,7.14,few clouds
90,Tigil,RU,57.8,158.6667,60.06,48,100,2.42,overcast clouds
91,Acarau,BR,-2.8856,-40.12,74.44,77,8,10.13,clear sky
92,Longyearbyen,SJ,78.2186,15.6401,40.84,70,75,12.66,broken clouds
93,Inverell,AU,-29.7833,151.1167,65.66,81,48,4.0,scattered clouds
94,Derzhavinsk,KZ,51.1,66.3167,63.91,58,5,10.92,clear sky
95,San Felipe,VE,10.3399,-68.7425,71.1,91,100,4.47,overcast clouds
96,Alpena,US,45.0617,-83.4327,66.45,75,40,6.91,scattered clouds
97,Kaitangata,NZ,-46.2817,169.8464,43.36,85,97,15.5,overcast clouds
98,Khatanga,RU,71.9667,102.5,55.49,46,8,10.31,clear sky
99,Cayenne,GF,4.9333,-52.3333,82.09,1,20,2.3,few clouds
100,Upernavik,GL,72.7868,-56.1549,28.53,82,13,12.3,few clouds
101,Cobija,BO,-11.0267,-68.7692,66.11,73,73,1.1,broken clouds
102,Knysna,ZA,-34.0363,23.0471,53.24,79,84,14.16,light rain
103,North Bend,US,43.4065,-124.2243,62.17,85,0,19.57,clear sky
104,Dikson,RU,73.5069,80.5464,35.85,72,100,8.12,overcast clouds
105,Mataura,NZ,-46.1927,168.8643,46.47,94,100,9.24,overcast clouds
106,Bandarbeyla,SO,9.4942,50.8122,79.54,70,5,23.73,clear sky
107,Petropavlovsk-Kamchatskiy,RU,53.0452,158.6483,64.99,42,40,13.42,scattered clouds
108,Alofi,NU,-19.0595,-169.9187,82.29,65,20,9.22,few clouds
109,Gimli,CA,50.6336,-96.9907,64.42,88,100,12.66,overcast clouds
110,Nome,US,64.5011,-165.4064,48.16,71,20,12.66,few clouds
111,Palmer,US,42.1584,-72.3287,69.17,76,20,3.44,few clouds
112,Ilulissat,GL,69.2167,-51.1,32.02,80,89,14.97,overcast clouds
113,Port Lincoln,AU,-34.7333,135.8667,61.63,70,9,21.14,clear sky
114,Ancud,CL,-41.8697,-73.8203,48.22,90,81,5.03,light rain
115,Eenhana,NA,-17.4667,16.3333,51.01,47,0,3.29,clear sky
116,Umm Lajj,SA,25.0213,37.2685,80.56,51,0,7.23,clear sky
117,Guerrero Negro,MX,27.9769,-114.0611,64.96,76,0,17.92,clear sky
118,Turukhansk,RU,65.8167,87.9833,67.57,63,83,4.05,broken clouds
119,Norrtalje,SE,59.758,18.705,54.01,84,34,5.46,scattered clouds
120,Nemuro,JP,43.3236,145.575,54.95,76,47,16.35,scattered clouds
121,Castro,BR,-24.7911,-50.0119,45.7,96,64,4.68,broken clouds
122,Mahebourg,MU,-20.4081,57.7,72.25,83,40,10.36,scattered clouds
123,Hobart,AU,-42.8794,147.3294,49.26,92,75,1.01,broken clouds
124,Prince Rupert,CA,54.3161,-130.3201,57.29,79,0,5.75,clear sky
125,Bengkulu,ID,-3.8004,102.2655,80.38,76,54,3.02,broken clouds
126,Victoria,HK,22.2855,114.1577,85.03,86,100,4.0,overcast clouds
127,Goundam,ML,16.4145,-3.6708,95.81,17,9,12.19,clear sky
128,Bethel,US,41.3712,-73.414,70.65,75,0,3.44,clear sky
129,Fairbanks,US,64.8378,-147.7164,75.02,43,0,4.61,smoke
130,Abadan,IR,30.3392,48.3043,91.35,22,0,9.22,smoke
131,Avera,US,33.194,-82.5271,77.38,65,62,5.23,broken clouds
132,Pacific Grove,US,36.6177,-121.9166,71.82,68,0,8.05,clear sky
133,Ayorou,NE,14.7308,0.9174,91.63,40,100,16.67,overcast clouds
134,Hervey Bay,AU,-25.2986,152.8535,69.87,62,48,2.64,scattered clouds
135,Srednekolymsk,RU,67.45,153.6833,72.93,22,4,2.71,clear sky
136,Thunder Bay,CA,48.4001,-89.3168,57.29,76,75,11.5,broken clouds
137,Saint-Philippe,RE,-21.3585,55.7679,67.59,84,43,12.01,light rain
138,Dali,CN,25.7,100.1833,58.71,94,100,2.82,overcast clouds
139,Fallingbostel,DE,52.8667,9.7,49.98,89,84,4.05,broken clouds
140,Havoysund,NO,70.9963,24.6622,43.03,86,100,10.58,overcast clouds
141,Kentville,CA,45.0835,-64.4988,56.41,95,100,9.22,light rain
142,Ribeira Grande,PT,38.5167,-28.7,64.92,96,95,10.63,overcast clouds
143,Terra Boa,BR,-23.7681,-52.4442,50.31,88,11,6.2,few clouds
144,San Luis,AR,-33.295,-66.3356,46.67,41,15,5.3,few clouds
145,Korla,CN,41.7597,86.1469,90.59,12,6,9.66,clear sky
146,Pangnirtung,CA,66.1451,-65.7125,34.65,91,96,2.15,overcast clouds
147,Katsuura,JP,35.1333,140.3,64.42,88,100,13.56,overcast clouds
148,Aklavik,CA,68.2191,-135.0107,62.82,32,49,8.75,scattered clouds
149,Dandong,CN,40.1292,124.3947,70.45,53,98,5.14,overcast clouds
150,Bambous Virieux,MU,-20.3428,57.7575,72.21,83,40,10.36,scattered clouds
151,Rajshahi,BD,24.3667,88.6,89.2,65,99,15.26,overcast clouds
152,Port Elizabeth,ZA,-33.918,25.5701,55.09,77,0,19.57,clear sky
153,Lida,BY,53.8833,25.2997,46.02,97,15,11.01,few clouds
154,Sistranda,NO,63.7256,8.834,51.76,89,100,11.34,light rain
155,Hualmay,PE,-11.0964,-77.6139,61.32,81,22,10.6,few clouds
156,Kasamwa,TZ,-2.85,32.4333,63.16,68,5,3.89,clear sky
157,Chaman,PK,30.9236,66.4512,81.64,16,0,4.97,clear sky
158,Rocha,UY,-34.4833,-54.3333,49.12,93,37,5.91,scattered clouds
159,Narsaq,GL,60.9167,-46.05,46.62,59,100,3.42,overcast clouds
160,Yellowknife,CA,62.456,-114.3525,72.12,40,75,14.97,broken clouds
161,Lata,PT,40.1629,-8.3327,65.07,74,3,2.3,clear sky
162,Sorland,NO,67.667,12.6934,46.26,84,100,11.72,overcast clouds
163,Talcahuano,CL,-36.7167,-73.1167,49.68,100,100,3.44,overcast clouds
164,Sept-Iles,CA,50.2001,-66.3821,62.6,73,75,5.75,broken clouds
165,Clovis,US,36.8252,-119.7029,88.02,19,0,13.8,haze
166,Gejiu,CN,23.306,103.1635,57.99,86,100,0.43,overcast clouds
167,La Palma,US,33.8464,-118.0467,81.93,71,0,9.22,clear sky
168,Coelho Neto,BR,-4.2567,-43.0128,70.09,89,0,2.93,clear sky
169,Shebunino,RU,46.4339,141.8603,58.8,68,6,11.65,clear sky
170,Invermere,CA,50.5167,-116.0354,49.42,91,100,1.32,overcast clouds
171,Vallenar,CL,-28.5708,-70.7581,51.13,78,100,1.14,overcast clouds
172,Kununurra,AU,-15.7667,128.7333,82.38,16,8,13.8,clear sky
173,Codrington,AU,-38.2667,141.9667,55.89,84,100,18.7,overcast clouds
174,Necochea,AR,-38.5473,-58.7368,50.58,65,100,8.7,overcast clouds
175,Ostrovnoy,RU,68.0531,39.5131,53.2,78,70,10.65,broken clouds
176,Cap Malheureux,MU,-19.9842,57.6142,72.46,68,21,7.0,few clouds
177,Kodiak,US,57.79,-152.4072,51.31,87,100,12.66,light rain
178,Verishen,AM,39.5356,46.3122,53.82,81,3,5.46,clear sky
179,Khovu-Aksy,RU,51.1333,93.6,68.68,60,63,6.31,broken clouds
180,Ispica,IT,36.7844,14.9063,65.03,46,0,4.9,clear sky
181,Sinnamary,GF,5.3833,-52.95,77.74,80,83,9.1,broken clouds
182,Nizhniy Bestyakh,RU,61.9594,129.9086,60.28,77,40,6.71,light rain
183,Lydenburg,ZA,-25.0978,30.4597,51.4,58,5,0.96,clear sky
184,Kudat,MY,6.8837,116.8477,85.93,70,20,5.75,few clouds
185,Vestmannaeyjar,IS,63.4427,-20.2734,49.68,77,100,16.46,overcast clouds
186,Tripoli,LY,32.8752,13.1875,73.27,57,0,4.99,clear sky
187,Thompson,CA,55.7435,-97.8558,71.76,64,100,6.91,overcast clouds
188,Talaya,RU,61.3833,152.75,58.44,50,96,12.5,overcast clouds
189,Tukrah,LY,32.5341,20.5791,71.44,87,0,5.14,clear sky
190,Mehamn,NO,71.0357,27.8492,40.91,89,100,9.57,overcast clouds
191,Mugur-Aksy,RU,50.35,90.5,61.5,49,82,4.63,broken clouds
192,Esperance,AU,-33.8667,121.9,60.55,62,32,15.01,scattered clouds
193,Toguchin,RU,55.2353,84.3858,65.34,82,14,9.19,few clouds
194,Marzuq,YE,14.4,46.4667,75.78,26,7,3.15,clear sky
195,Falun,SE,60.6036,15.626,48.94,69,92,4.32,overcast clouds
196,Khandagayty,RU,50.7333,92.05,69.64,48,96,8.25,overcast clouds
197,Dharmabad,IN,18.9,77.85,82.47,63,100,4.99,overcast clouds
198,Avarua,CK,-21.2078,-159.775,80.65,69,40,12.66,scattered clouds
199,Touros,BR,-5.1989,-35.4608,73.81,81,1,10.13,clear sky
200,Lethem,GY,3.3803,-59.7968,74.35,88,40,4.54,scattered clouds
201,George Town,MY,5.4112,100.3354,84.13,86,40,3.44,scattered clouds
202,Roald,NO,62.5833,6.1333,55.17,93,75,5.75,light rain
203,Emba,KZ,48.8264,58.1442,64.94,53,0,6.85,clear sky
204,Voznesenskaya,RU,44.5527,41.0318,57.58,92,10,5.55,clear sky
205,Sao Felix Do Xingu,BR,-6.6447,-51.995,69.4,99,100,1.86,moderate rain
206,Cedar City,US,37.6775,-113.0619,74.37,9,0,10.36,clear sky
207,Dolores,AR,-36.3132,-57.6792,48.16,78,100,6.24,overcast clouds
208,La Asuncion,VE,11.0333,-63.8628,76.37,84,87,3.29,overcast clouds
209,Biak,ID,-0.9131,122.8766,81.01,72,100,1.97,overcast clouds
210,Surt,LY,31.2089,16.5887,72.93,72,0,5.79,clear sky
211,Mar Del Plata,AR,-38.0023,-57.5575,49.08,90,100,2.3,overcast clouds
212,Oranjestad,AW,12.524,-70.027,80.55,83,40,18.41,scattered clouds
213,Kati,ML,12.7441,-8.0726,72.81,63,100,8.23,overcast clouds
214,Vila Franca Do Campo,PT,37.7167,-25.4333,65.19,84,100,4.0,overcast clouds
215,Quatre Cocos,MU,-20.2078,57.7625,72.09,75,0,15.19,clear sky
216,Lagoa,PT,39.05,-27.9833,63.23,93,91,15.64,overcast clouds
217,Abu Kamal,SY,34.4506,40.9171,77.32,49,0,11.36,clear sky
218,Flin Flon,CA,54.7682,-101.865,61.99,99,100,9.01,overcast clouds
219,Marrakesh,MA,31.6315,-8.0083,80.67,47,40,9.22,scattered clouds
220,De Aar,ZA,-30.6497,24.0123,37.13,91,4,8.08,clear sky
221,Tanout,NE,14.9709,8.8879,84.6,45,53,12.15,broken clouds
222,Anchorage,US,61.2181,-149.9003,67.08,47,75,12.66,broken clouds
223,Torbay,CA,47.6666,-52.7314,41.76,90,100,8.05,overcast clouds
224,Tibati,CM,6.4667,12.6333,65.25,96,99,2.64,overcast clouds
225,Poum,NC,-20.2333,164.0167,77.58,77,70,9.93,broken clouds
226,Iqaluit,CA,63.7506,-68.5145,42.53,81,40,2.3,scattered clouds
227,Faanui,PF,-16.4833,-151.75,79.63,75,22,22.28,light rain
228,Taoudenni,ML,22.6783,-3.9836,93.04,8,0,9.44,clear sky
229,Carnarvon,AU,-24.8667,113.6333,69.66,71,80,8.12,broken clouds
230,Rudbar,AF,30.15,62.6,93.97,14,32,3.85,scattered clouds
231,Dukat,RU,62.55,155.55,56.14,42,100,6.29,overcast clouds
232,Serafimovich,RU,49.5786,42.736,65.01,46,100,3.29,overcast clouds
233,Tuktoyaktuk,CA,69.4541,-133.0374,44.6,61,75,13.8,broken clouds
234,Belaya Gora,RU,68.5333,146.4167,73.38,25,13,13.42,few clouds
235,Itaocara,BR,-21.6692,-42.0761,59.16,92,99,2.24,overcast clouds
236,Tshikapa,CD,-6.4167,20.8,70.83,59,35,0.56,scattered clouds
237,Hovd,MN,48.0056,91.6419,76.71,27,98,1.68,overcast clouds
238,Conner,PH,17.7964,121.3275,87.4,68,97,3.33,overcast clouds
239,Dudinka,RU,69.4058,86.1778,72.63,43,49,5.86,scattered clouds
240,Hofn,IS,64.2539,-15.2082,49.5,77,34,6.96,scattered clouds
241,Severo-Kurilsk,RU,50.6789,156.125,46.9,92,100,4.9,overcast clouds
242,Birao,CF,10.2849,22.7882,74.55,75,100,4.16,overcast clouds
243,Nyimba,ZM,-14.5566,30.8149,57.11,72,0,2.35,clear sky
244,Takayama,JP,36.1333,137.25,61.59,93,100,5.26,overcast clouds
245,Cervo,ES,43.6702,-7.4101,57.96,93,0,1.01,clear sky
246,Robertsport,LR,6.7533,-11.3686,79.27,75,100,9.17,light rain
247,Yar-Sale,RU,66.8333,70.8333,56.66,52,84,13.47,broken clouds
248,Naica,MX,27.85,-105.4833,80.31,35,87,22.5,overcast clouds
249,Russell,US,32.3502,-85.1999,78.08,94,0,0.0,clear sky
250,Isangel,VU,-19.55,169.2667,80.67,71,37,12.06,scattered clouds
251,Kerewan,GM,13.4898,-16.0888,78.82,79,9,8.95,clear sky
252,Limenaria,GR,40.6261,24.5786,72.34,71,52,5.86,broken clouds
253,Pustoshka,RU,56.3355,29.369,48.76,95,100,14.81,overcast clouds
254,Kavaratti,IN,10.5669,72.642,83.28,73,100,16.11,heavy intensity rain
255,Apatity,RU,67.5641,33.4031,53.24,85,100,4.23,light rain
256,Orlik,RU,52.5178,99.825,65.68,59,100,1.97,overcast clouds
257,Litovko,RU,49.2361,135.1742,74.12,54,57,10.11,broken clouds
258,La Tuque,CA,47.4334,-72.7824,64.65,72,0,4.61,clear sky
259,Winnemucca,US,40.973,-117.7357,69.85,11,0,18.41,clear sky
260,Saskylakh,RU,71.9167,114.0833,50.9,40,8,12.59,clear sky
261,Nantucket,US,41.2835,-70.0995,66.25,84,0,4.61,clear sky
262,Christchurch,NZ,-43.5333,172.6333,60.33,35,23,11.5,few clouds
263,Batemans Bay,AU,-35.7167,150.1833,61.77,37,58,2.28,broken clouds
264,Iquitos,PE,-3.7481,-73.2472,69.84,94,0,1.14,clear sky
265,Manaure,CO,11.7751,-72.4445,82.15,71,100,12.03,overcast clouds
266,Muncar,ID,-8.4333,114.3333,82.78,78,84,6.89,broken clouds
267,Rehli,IN,23.6333,79.0833,91.56,44,6,11.74,clear sky
268,Baijiantan,CN,45.6333,85.1833,85.1,31,5,3.36,clear sky
269,Mogadishu,SO,2.0371,45.3438,78.69,83,81,19.6,broken clouds
270,Arklow,IE,52.7931,-6.1414,52.41,85,100,1.77,overcast clouds
271,Ayagoz,KZ,47.9714,80.4392,69.67,58,75,0.78,broken clouds
272,Takoradi,GH,4.8845,-1.7554,77.76,88,100,12.55,moderate rain
273,Wuwei,CN,37.9281,102.6414,80.83,14,0,1.36,clear sky
274,Payo,ID,-3.7508,103.6372,79.25,81,61,1.19,broken clouds
275,Roma,US,43.2128,-75.4557,66.72,79,0,3.44,clear sky
276,Port Blair,IN,11.6667,92.75,84.24,79,40,2.3,scattered clouds
277,Tessalit,ML,20.1986,1.0114,93.94,18,86,4.68,overcast clouds
278,Hirara,JP,24.8,125.2833,86.27,84,75,16.11,broken clouds
279,Adrar,MR,20.5022,-10.0711,89.94,31,30,11.1,scattered clouds
280,Urubicha,BO,-15.3833,-62.95,60.6,67,0,1.95,clear sky
281,Mandalgovi,MN,45.7625,106.2708,70.18,36,6,14.97,clear sky
282,Cacu,BR,-18.5567,-51.1308,67.6,37,100,3.38,overcast clouds
283,Jalapa,MX,19.5333,-96.9167,63.14,99,100,1.63,overcast clouds
284,Fare,PF,-16.7,-151.0167,78.84,78,47,21.3,light rain
285,Ambunti,PG,-4.2365,142.8448,88.21,58,46,3.24,scattered clouds
286,Vardo,NO,70.3705,31.1107,40.98,81,100,12.66,overcast clouds
287,Kenai,US,60.5544,-151.2583,64.02,49,75,8.05,broken clouds
288,Galatii Bistritei,RO,46.9833,24.4,47.62,87,2,2.08,clear sky
289,Salsk,RU,46.4725,41.5428,67.91,52,100,7.63,moderate rain
290,Saint-Pierre,RE,-21.3393,55.4781,70.92,60,0,8.05,clear sky
291,Perpignan,FR,42.75,2.75,69.73,79,0,10.36,clear sky
292,Nova Prata,BR,-28.7839,-51.61,49.28,98,0,3.18,clear sky
293,Byron Bay,AU,-28.65,153.6167,71.94,64,0,3.58,clear sky
294,Murray Bridge,AU,-35.1167,139.2667,61.12,66,54,17.9,broken clouds
295,Koutsouras,GR,35.0339,25.9469,75.11,60,0,10.45,clear sky
296,Kemijarvi,FI,66.7131,27.4306,53.83,79,100,3.6,overcast clouds
297,Campo Do Brito,BR,-10.7333,-37.4933,70.52,93,97,8.66,overcast clouds
298,Margate,GB,51.3813,1.3862,58.3,88,47,1.01,scattered clouds
299,Bhindar,IN,24.5,74.1833,82.65,76,70,13.51,broken clouds
300,Dong Hoi,VN,17.4833,106.6,84.2,73,100,5.66,overcast clouds
301,Requena,ES,39.4883,-1.1004,68.52,39,59,2.93,broken clouds
302,Vizianagaram,IN,18.1167,83.4167,87.31,56,100,1.45,overcast clouds
303,Kumi,KR,36.1136,128.336,71.28,75,93,4.0,overcast clouds
304,Shirokiy,RU,49.758,129.523,71.56,73,86,8.72,overcast clouds
305,Hailey,US,43.5196,-114.3153,53.89,37,0,18.99,clear sky
306,Ginir,ET,7.1333,40.7,54.61,90,73,6.8,broken clouds
307,Constitucion,CL,-35.3333,-72.4167,51.78,91,73,6.46,broken clouds
308,Fuyang,CN,32.9,115.8167,90.75,36,0,10.25,clear sky
309,Sakakah,SA,29.9697,40.2064,80.17,24,0,8.32,clear sky
310,Tilichiki,RU,60.4667,166.1,58.55,52,17,8.21,few clouds
311,Adre,TD,13.4667,22.2,76.23,63,100,5.77,overcast clouds
312,Araouane,ML,18.9048,-3.5265,92.07,12,0,11.43,clear sky
313,Kokopo,PG,-4.352,152.2633,85.57,61,9,9.17,clear sky
314,Wukari,NG,7.85,9.7833,74.73,90,51,5.19,broken clouds
315,Ciudad Bolivar,VE,8.1222,-63.5497,75.29,88,89,6.33,overcast clouds
316,Vila Velha,BR,-20.3297,-40.2925,66.94,78,20,4.61,few clouds
317,Gitega,BI,-3.5,29.95,56.43,87,3,3.91,clear sky
318,Kiunga,PG,-6.1219,141.2906,82.58,76,89,3.62,overcast clouds
319,Chunhuhub,MX,19.55,-88.6833,77.02,84,100,4.7,overcast clouds
320,Port Hardy,CA,50.6996,-127.4199,55.58,71,40,12.66,scattered clouds
321,Kuito,AO,-12.3833,16.9333,49.53,35,59,4.52,broken clouds
322,Grand Gaube,MU,-20.0064,57.6608,72.37,68,13,5.99,few clouds
323,Mabaruma,GY,8.2,-59.7833,73.29,95,57,2.57,broken clouds
324,Arrecife,ES,28.963,-13.5477,69.78,73,0,5.75,clear sky
325,Praia Da Vitoria,PT,38.7333,-27.0667,64.65,88,20,6.91,few clouds
326,Ambilobe,MG,-13.2,49.05,66.11,88,0,3.69,clear sky
327,Upata,VE,8.0086,-62.3989,74.19,96,10,3.49,clear sky
328,Kurilsk,RU,45.2333,147.8833,55.06,66,1,2.95,clear sky
329,Sisimiut,GL,66.9395,-53.6735,34.29,71,5,16.98,clear sky
330,Henties Bay,NA,-22.116,14.2845,54.84,75,0,9.84,clear sky
331,Tamandare,BR,-8.7597,-35.1047,75.94,80,54,5.28,broken clouds
332,Waddan,LY,29.1614,16.139,72.66,53,0,7.96,clear sky
333,Beringovskiy,RU,63.05,179.3167,38.01,78,96,9.91,overcast clouds
334,Guben,DE,51.9499,14.7145,49.32,77,65,4.05,broken clouds
335,Sidi Ali,DZ,36.0998,0.4206,75.06,58,93,5.06,overcast clouds
336,Laguna,US,38.421,-121.4238,89.56,13,0,10.36,clear sky
337,Marovoay,MG,-16.1,46.6333,66.92,88,1,4.25,clear sky
338,Zakupne,UA,49.1194,26.3376,46.87,91,19,5.21,few clouds
339,Saint-Francois,FR,46.4154,3.9054,58.44,82,0,0.0,clear sky
340,Namatanai,PG,-3.6667,152.4333,84.07,70,29,6.85,light rain
341,Les Cayes,HT,18.2,-73.75,76.96,79,65,3.98,broken clouds
342,Maniitsoq,GL,65.4167,-52.9,36.52,71,4,15.14,clear sky
343,Zapolyarnyy,RU,69.4154,30.8136,40.28,87,100,15.93,light rain
344,Qaqortoq,GL,60.7167,-46.0333,41.63,73,100,12.68,overcast clouds
345,Uruzgan,AF,32.8333,66.0,74.44,15,0,6.91,clear sky
346,Acapulco,MX,16.8634,-99.8901,82.22,78,100,9.22,overcast clouds
347,Taikang,CN,46.8333,124.4167,73.13,59,90,8.39,overcast clouds
348,Riyadh,SA,24.6877,46.7219,86.14,23,4,4.94,clear sky
349,Kampot,KH,10.6167,104.1833,86.05,70,97,4.36,overcast clouds
350,Pointe Michel,DM,15.25,-61.3833,80.78,81,100,13.6,overcast clouds
351,Juybar,IR,36.6412,52.9124,71.76,80,0,5.26,clear sky
352,Guanare,VE,9.0418,-69.7421,70.97,97,100,2.46,overcast clouds
353,Mapiripan,CO,2.8892,-72.1256,70.12,88,99,1.9,overcast clouds
354,Verkhovye,RU,52.8119,37.2425,51.71,91,100,8.28,overcast clouds
355,Comodoro Rivadavia,AR,-45.8667,-67.5,37.26,87,0,3.44,clear sky
356,Karaton,ID,-6.3424,106.1045,81.5,75,91,1.36,overcast clouds
357,Buala,SB,-8.145,159.5921,83.43,75,69,10.47,light rain
358,Siniscola,IT,40.5719,9.6922,63.95,62,10,2.57,clear sky
359,Ocala,US,29.1872,-82.1401,81.18,68,0,8.05,light rain
360,Malartic,CA,48.1335,-78.1328,64.51,77,92,4.23,overcast clouds
361,Ahipara,NZ,-35.1667,173.1667,60.44,78,15,13.42,few clouds
362,Antofagasta,CL,-23.65,-70.4,56.5,81,58,5.23,broken clouds
363,Indiaroba,BR,-11.5192,-37.5117,72.28,88,86,8.97,overcast clouds
364,Manokwari,ID,-0.8667,134.0833,83.71,68,84,9.6,broken clouds
365,Dunedin,NZ,-45.8742,170.5036,46.8,63,100,18.01,overcast clouds
366,Mlonggo,ID,-6.5333,110.7,83.3,71,100,2.62,light rain
367,Tezu,IN,27.9167,96.1667,73.18,98,100,2.98,light rain
368,Wattegama,LK,6.7989,81.4808,78.26,81,100,2.89,overcast clouds
369,Gillette,US,44.2911,-105.5022,56.05,49,0,3.44,clear sky
370,Hirtshals,DK,57.5881,9.9592,54.45,90,84,13.53,broken clouds
371,Karratha,AU,-20.7377,116.8463,79.32,39,2,13.33,clear sky
372,Padang,ID,-0.9492,100.3543,75.25,93,100,4.54,overcast clouds
373,Clyde River,CA,70.4692,-68.5914,37.63,81,100,9.22,overcast clouds
374,Aginskoye,RU,51.1,114.53,73.78,44,9,4.5,clear sky
375,Sao Filipe,CV,14.8961,-24.4956,74.35,77,100,12.8,overcast clouds
376,Kedrovyy,RU,56.1667,91.8167,73.87,92,100,5.23,light rain
377,Oktyabrskoye,RU,43.0645,44.7417,59.14,93,36,0.0,scattered clouds
378,Billings,US,45.7833,-108.5007,62.29,28,100,21.85,overcast clouds
379,Araguaina,BR,-7.1911,-48.2072,72.09,87,32,2.93,scattered clouds
380,San Patricio,US,28.017,-97.5169,84.83,80,100,17.58,overcast clouds
381,Moron,AR,-34.6534,-58.6198,55.96,95,100,4.88,overcast clouds
382,Umuarama,BR,-23.7664,-53.325,53.26,81,50,7.14,scattered clouds
383,Mbandaka,CD,0.0487,18.2603,71.24,89,100,0.54,overcast clouds
384,Najran,SA,17.4924,44.1277,75.85,17,20,3.78,few clouds
385,Ponta Do Sol,PT,32.6667,-17.1,66.7,78,31,6.78,scattered clouds
386,Santa Cruz Cabralia,BR,-16.2781,-39.0247,68.23,88,75,5.75,broken clouds
387,Houma,US,29.5958,-90.7195,84.0,80,0,3.44,clear sky
388,Hay River,CA,60.8156,-115.7999,67.98,40,75,3.44,broken clouds
389,Bolivar,US,37.6145,-93.4105,83.95,65,7,11.88,clear sky
390,Antalaha,MG,-14.9003,50.2788,68.83,89,81,5.86,broken clouds
391,Bathsheba,BB,13.2167,-59.5167,81.21,89,40,19.57,scattered clouds
392,Kaohsiung,TW,22.6163,120.3133,89.55,65,75,6.91,broken clouds
393,Vostok,RU,46.4856,135.8833,75.76,36,95,2.06,overcast clouds
394,Mitsamiouli,KM,-11.3847,43.2844,77.04,72,2,8.48,clear sky
395,Whitehorse,CA,60.7161,-135.0538,53.1,82,75,6.91,broken clouds
396,Siirt,TR,37.9326,41.9403,66.07,52,0,0.56,clear sky
397,Bumba,CD,2.1833,22.4667,71.22,89,100,0.63,overcast clouds
398,Kongoussi,BF,13.3258,-1.5347,88.45,43,100,17.52,overcast clouds
399,Kudahuvadhoo,MV,2.6708,72.8944,82.83,71,23,7.31,few clouds
400,Inhambane,MZ,-23.865,35.3833,67.86,82,0,11.7,clear sky
401,Gamba,GA,-2.65,10.0,71.96,92,100,4.45,overcast clouds
402,Paris,FR,48.8534,2.3488,63.1,76,0,5.75,clear sky
403,Daru,PG,-9.0763,143.2092,80.92,87,13,14.32,few clouds
404,Bemidji,US,47.4736,-94.8803,71.89,94,0,4.61,clear sky
405,Totness,SR,5.8833,-56.3167,76.91,88,63,6.93,broken clouds
406,Aksarka,RU,66.5606,67.7975,56.98,47,10,7.74,clear sky
407,Barentu,ER,15.1139,37.5928,80.13,36,100,5.06,overcast clouds
408,Villazon,BO,-22.0866,-65.5942,39.76,10,0,3.38,clear sky
409,Mitu,CO,1.1983,-70.1733,69.96,91,98,0.72,overcast clouds
410,Havelock,US,34.8791,-76.9013,84.15,85,100,3.44,overcast clouds
411,Burnie,AU,-41.0667,145.9167,52.92,92,100,14.65,overcast clouds
412,Nong Chik,TH,6.8436,101.178,81.97,77,90,4.43,overcast clouds
413,Quelimane,MZ,-17.8786,36.8883,67.95,100,40,2.3,scattered clouds
414,Habra,IN,22.8344,88.6275,90.97,66,100,15.66,overcast clouds
415,Lompoc,US,34.6391,-120.4579,70.61,67,0,38.01,clear sky
416,Jambi,ID,-1.6,103.6167,81.54,74,86,3.94,overcast clouds
417,Angoche,MZ,-16.2325,39.9086,67.93,92,11,6.53,few clouds
418,Nanortalik,GL,60.1432,-45.2371,40.39,76,100,14.72,overcast clouds
419,Salalah,OM,17.0151,54.0924,84.29,84,40,8.05,scattered clouds
420,Beloha,MG,-25.1667,45.05,64.83,60,6,6.26,clear sky
421,Krasnoselkup,RU,65.7,82.4667,68.72,60,48,2.04,scattered clouds
422,Bellmead,US,31.594,-97.1089,90.09,44,0,17.27,clear sky
423,Oktyabrskiy,RU,54.4815,53.471,59.22,85,8,4.41,clear sky
424,Aripuana,BR,-9.1667,-60.6333,70.63,68,60,0.69,broken clouds
425,Estelle,US,29.8458,-90.1067,87.01,70,40,3.44,scattered clouds
426,Berlevag,NO,70.8578,29.0864,40.95,93,75,6.91,drizzle
427,Nawabshah,PK,26.2483,68.4096,85.96,66,0,9.22,haze
428,Horodok,UA,49.1637,26.5839,47.66,91,26,6.02,scattered clouds
429,San Quintin,MX,30.4833,-115.95,64.8,76,0,8.61,clear sky
430,Ketchikan,US,55.3422,-131.6461,57.34,66,74,3.83,broken clouds
431,Palana,RU,59.1167,159.9667,45.0,77,79,5.21,broken clouds
432,Talnakh,RU,69.4865,88.3972,72.21,46,70,6.35,broken clouds
433,Pemangkat,ID,1.1667,108.9667,82.4,74,66,3.71,broken clouds
434,Hit,IQ,33.6416,42.8251,82.2,27,0,8.9,clear sky
435,Shakawe,BW,-18.3667,21.85,53.65,49,0,4.0,clear sky
436,Tsaratanana,MG,-16.7833,47.65,65.08,90,2,6.91,clear sky
437,Erzin,TR,36.9559,36.2,67.89,89,33,0.76,scattered clouds
438,Slave Lake,CA,55.2834,-114.769,57.18,88,100,18.41,overcast clouds
439,Cascais,PT,38.6979,-9.4215,71.51,74,36,8.01,scattered clouds
440,Port Hedland,AU,-20.3167,118.5667,78.85,31,3,12.66,clear sky
441,Fuxin,CN,42.0156,121.6589,69.24,62,98,6.17,overcast clouds
442,Duki,PK,30.1541,68.5728,83.19,42,0,6.96,clear sky
443,Kristianstad,SE,56.0313,14.1524,54.36,89,75,5.75,broken clouds
444,Obertyn,UA,48.7003,25.1701,46.35,90,6,4.61,clear sky
445,Saint-Georges,GD,12.0564,-61.7485,78.48,89,20,5.75,few clouds
446,Iskateley,RU,67.6803,53.1512,46.54,76,19,11.14,few clouds
447,Domoni,KM,-12.2569,44.5319,74.59,83,3,4.61,clear sky
448,Ust-Kuyga,RU,70.0167,135.6,71.17,31,80,7.58,broken clouds
449,Kjollefjord,NO,70.9457,27.3465,42.85,88,100,9.73,overcast clouds
450,Kaihua,CN,23.3687,104.28,68.11,69,99,1.99,overcast clouds
451,Kandi,BJ,11.1342,2.9386,77.43,79,70,4.47,broken clouds
452,Gravelbourg,CA,49.8834,-106.5512,52.07,70,86,15.57,overcast clouds
453,Veraval,IN,20.9,70.3667,85.55,71,50,12.1,scattered clouds
454,Cartagena,CO,10.3997,-75.5144,78.42,94,75,2.3,broken clouds
455,Husavik,IS,66.0449,-17.3389,48.07,84,83,1.21,broken clouds
456,Maturin,VE,9.75,-63.1767,71.02,97,97,1.66,overcast clouds
457,Dhidhdhoo,MV,6.8833,73.1,82.42,77,56,13.09,broken clouds
458,Kaka,TM,37.3482,59.6143,89.06,29,81,7.92,broken clouds
459,Vagur,FO,61.4732,-6.8119,48.58,98,100,12.21,overcast clouds
460,Okhotsk,RU,59.3833,143.3,48.9,76,89,8.25,overcast clouds
461,Tongzi,CN,28.7829,105.0877,85.68,59,84,2.64,broken clouds
462,Awjilah,LY,29.1081,21.2869,72.05,71,0,8.14,clear sky
463,Bam,IR,29.106,58.357,95.56,13,13,6.15,few clouds
464,Yerbogachen,RU,61.2767,108.0108,67.62,53,88,4.16,overcast clouds
465,Bac Lieu,VN,9.285,105.7244,87.06,65,87,6.31,overcast clouds
466,Acari,PE,-15.4311,-74.6158,62.82,78,100,2.82,overcast clouds
467,Voyvozh,RU,62.892,54.9635,56.8,78,5,4.47,clear sky
468,Nadym,RU,65.5333,72.5167,50.25,65,100,14.85,overcast clouds
469,Predivinsk,RU,57.0669,93.4378,79.47,47,97,4.41,overcast clouds
470,Tias,ES,28.9611,-13.645,67.68,73,0,5.75,clear sky
471,Raudeberg,NO,61.9875,5.1352,51.87,89,100,12.24,light rain
472,Mount Isa,AU,-20.7333,139.5,76.77,16,0,5.75,clear sky
473,Gizo,SB,-8.103,156.8419,84.56,67,81,3.91,broken clouds
474,Kumluca,TR,36.3703,30.2869,73.2,70,7,1.61,clear sky
475,Cardoso,BR,-20.0819,-49.9142,65.23,41,76,7.45,broken clouds
476,Timra,SE,62.487,17.3257,47.88,81,4,4.61,clear sky
477,Plettenberg Bay,ZA,-34.0527,23.3716,53.51,76,97,16.28,light rain
478,Broome,US,42.2506,-75.833,63.7,82,0,1.01,clear sky
479,Mastung,PK,29.7994,66.845,80.24,22,0,4.09,clear sky
480,Syracuse,IT,37.0881,15.2792,71.31,56,0,4.52,clear sky
481,Saint-Augustin,CA,51.226,-58.6502,51.96,61,97,12.3,overcast clouds
482,La Ronge,CA,55.1001,-105.2842,61.05,88,100,19.57,mist
483,Fengcheng,CN,40.4536,124.0717,72.77,51,100,5.23,overcast clouds
484,Tenenkou,ML,14.4572,-4.9169,88.03,42,55,18.1,broken clouds
485,Resistencia,AR,-27.4606,-58.9839,58.08,84,0,9.22,clear sky
486,Kavieng,PG,-2.5744,150.7967,84.43,68,12,10.29,light rain
487,Portland,US,45.5234,-122.6762,65.64,60,75,8.05,broken clouds
488,Conceicao Do Araguaia,BR,-8.2578,-49.2647,71.74,91,100,3.0,light rain
489,Iralaya,HN,15.0,-83.2333,78.98,83,100,11.14,overcast clouds
490,Polewali,ID,-3.4324,119.3435,84.56,70,99,2.84,overcast clouds
491,Waterloo,CA,43.4668,-80.5164,66.69,67,0,5.75,clear sky
492,Auki,SB,-8.7676,160.7034,84.6,67,82,3.58,light rain
493,Nelson Bay,AU,-32.7167,152.15,65.1,58,0,1.99,clear sky
494,Georgiyevka,KZ,43.0369,74.7114,71.64,53,40,6.71,scattered clouds
495,Faya,SA,18.3851,42.4509,68.11,15,84,7.23,broken clouds
496,Tura,IN,25.5198,90.2201,74.62,96,100,7.83,heavy intensity rain
497,Bilma,NE,18.6853,12.9164,86.77,37,5,5.53,clear sky
498,Banjar,ID,-8.19,114.9675,85.8,69,73,3.94,broken clouds
499,Washington,US,47.5001,-120.5015,61.2,43,6,7.4,clear sky
500,Bumbesti-Jiu,RO,45.1667,23.4,58.1,63,74,3.94,broken clouds
501,Nuuk,GL,64.1835,-51.7216,38.88,60,8,18.01,clear sky
502,Kyzyl-Suu,KG,42.3414,78.0056,62.29,60,82,3.62,broken clouds
503,Kapit,MY,2.0167,112.9333,89.53,58,89,2.08,overcast clouds
504,Lavrentiya,RU,65.5833,-171.0,35.29,100,100,6.76,snow
505,Wucheng,CN,29.6008,118.175,85.3,58,98,1.43,overcast clouds
506,Groningen,NL,53.25,6.75,53.04,89,34,2.3,scattered clouds
507,Savannah Bight,HN,16.45,-85.85,80.94,81,100,22.08,overcast clouds
508,Alghero,IT,40.5589,8.3181,64.49,77,0,4.61,clear sky
509,Riviere-Au-Renard,CA,48.9957,-64.3971,57.49,92,96,10.96,overcast clouds
510,Chapais,CA,49.7834,-74.8492,60.58,82,43,3.78,scattered clouds
511,Sola,VU,-13.8833,167.55,81.12,78,78,18.48,broken clouds
512,Lebrija,ES,36.9208,-6.0753,77.29,78,0,1.14,clear sky
513,Zelenogorskiy,RU,55.0333,87.0,69.24,72,90,7.76,overcast clouds
514,Mercedes,AR,-34.6515,-59.4307,49.03,80,100,7.78,overcast clouds
515,Betare Oya,CM,5.6,14.0833,66.31,96,80,0.87,broken clouds
516,Swift Current,CA,50.2834,-107.8014,50.81,81,100,13.8,overcast clouds
517,Lichtenvoorde,NL,51.9867,6.5667,55.85,89,29,7.05,scattered clouds
518,Hendek,TR,40.7994,30.7481,62.98,92,33,2.19,scattered clouds
519,Dourbali,TD,11.8091,15.8632,85.51,45,74,4.05,broken clouds
520,Naze,JP,28.3667,129.4833,77.92,91,100,8.19,light rain
521,Governador Valadares,BR,-18.8511,-41.9494,61.95,80,96,2.42,overcast clouds
522,Port Hawkesbury,CA,45.6169,-61.3485,52.97,96,100,18.01,mist
523,Gambela,ET,8.25,34.5833,68.72,95,100,2.91,moderate rain
524,Alihe,CN,50.5667,123.7167,66.13,73,100,6.98,moderate rain
525,Maues,BR,-3.3836,-57.7186,71.55,98,88,0.58,overcast clouds
526,Saint-Joseph,RE,-21.3667,55.6167,66.58,80,20,10.67,light rain
527,Raglan,NZ,-37.8,174.8833,60.21,81,7,18.7,clear sky
528,Smithers,CA,54.7804,-127.1743,62.92,42,40,14.97,scattered clouds
529,La Libertad,EC,-2.2333,-80.9,69.44,85,94,11.81,overcast clouds
530,Maningrida,AU,-12.0667,134.2667,86.49,48,100,9.13,overcast clouds
531,Trinidad,BO,-14.8333,-64.9,60.19,72,0,3.44,clear sky
532,Vanderhoof,CA,54.0166,-124.0198,68.49,29,5,3.42,clear sky
533,Altamont,US,42.2068,-121.7372,62.89,30,0,12.66,clear sky
534,Poli,TZ,-3.3333,36.8,53.44,96,52,2.57,broken clouds
535,Samandag,TR,36.0842,35.9771,72.12,86,28,5.59,scattered clouds
536,Cukai,MY,4.25,103.4167,84.15,69,100,10.07,overcast clouds
537,Stephenville,US,32.2207,-98.2023,89.87,35,0,13.8,clear sky
538,Samarai,PG,-10.6167,150.6667,80.02,83,90,9.35,overcast clouds
539,Kijang,KR,35.2442,129.2139,69.53,84,99,7.99,overcast clouds
540,Pitimbu,BR,-7.4706,-34.8086,72.19,76,24,9.53,few clouds
541,Alyangula,AU,-13.8483,136.4192,80.51,67,100,11.01,overcast clouds
542,Gornopravdinsk,RU,60.05,69.9,55.83,85,78,8.77,broken clouds
543,Kommunar,RU,59.6206,30.39,53.44,96,84,3.06,broken clouds
544,Aswan,EG,24.0934,32.907,81.7,22,0,5.75,clear sky
545,Nipawin,CA,53.3668,-104.0009,53.64,100,100,14.97,overcast clouds
546,Karabuk,TR,41.2049,32.6277,60.42,89,14,0.78,few clouds
547,Ayan,RU,56.45,138.1667,42.55,90,100,5.61,overcast clouds
548,Qinhuangdao,CN,39.9317,119.5883,69.06,72,98,6.71,overcast clouds
549,Khabez,RU,44.0434,41.772,57.0,91,20,6.31,few clouds
550,Yushan,CN,31.3776,120.9543,87.69,32,1,6.24,clear sky
551,Sayansk,RU,54.1088,102.1648,76.37,49,98,5.57,overcast clouds
552,Grand Bank,CA,47.0999,-55.765,48.97,74,100,13.98,overcast clouds
553,Shelburne,CA,44.0787,-80.2041,68.45,80,0,6.42,clear sky
554,Pasvalys,LT,56.0594,24.4036,48.72,93,11,12.12,few clouds
555,Xining,CN,36.6167,101.7667,71.8,32,0,2.13,clear sky
556,Tuatapere,NZ,-46.1333,167.6833,44.67,86,100,11.83,overcast clouds
557,Coquimbo,CL,-29.9533,-71.3436,49.73,87,0,5.75,clear sky
558,Meiganga,CM,6.5167,14.3,64.62,95,95,2.8,overcast clouds
559,San Ramon,US,37.7799,-121.978,85.82,40,0,11.5,clear sky
560,Severnoye,RU,56.3491,78.3619,54.19,94,100,15.12,overcast clouds
561,Kushima,JP,31.4583,131.2333,78.46,74,100,3.69,overcast clouds
562,Palafrugell,ES,41.9174,3.1631,73.35,67,100,4.0,overcast clouds
563,Leningradskiy,RU,69.3833,178.4167,33.66,91,100,12.68,overcast clouds
564,Mumford,GH,5.2618,-0.759,77.59,87,100,13.15,moderate rain
565,Sioux Lookout,CA,50.1001,-91.917,60.87,94,100,14.97,overcast clouds
566,Cururupu,BR,-1.8283,-44.8683,74.53,86,1,4.45,clear sky
567,Gatton,AU,-27.55,152.2833,69.64,56,15,2.46,few clouds
568,Morondava,MG,-20.2833,44.2833,68.88,70,0,5.68,clear sky
569,Kilrush,IE,52.6397,-9.4833,51.55,85,100,6.02,overcast clouds
570,San Ignacio,BZ,17.1561,-89.0714,80.74,74,0,6.91,clear sky
571,Tanete,ID,-3.9443,119.7848,83.8,73,100,9.82,overcast clouds
572,Kurumkan,RU,54.3,110.3,76.96,38,45,2.84,scattered clouds
573,Sawakin,SD,19.1059,37.3321,88.27,45,7,7.81,clear sky
574,Oksfjord,NO,70.2396,22.3479,44.78,84,100,5.19,overcast clouds
575,Yantai,CN,37.5333,121.4,63.64,83,100,12.48,overcast clouds
576,Robat Karim,IR,35.4846,51.0829,80.46,14,0,13.8,clear sky
577,Lao Cai,VN,22.4833,103.95,74.32,96,100,0.76,overcast clouds
578,Vanimo,PG,-2.6741,141.3028,86.47,63,8,8.72,clear sky
579,Pisco,PE,-13.7,-76.2167,60.85,82,100,8.05,overcast clouds
580,Puerto Colombia,CO,10.9878,-74.9547,78.89,77,100,7.16,overcast clouds
581,Lithakia,GR,37.7167,20.8333,67.28,88,20,0.0,few clouds
582,Ornskoldsvik,SE,63.2909,18.7153,49.44,78,0,6.22,clear sky
583,Wagar,SD,16.1525,36.2032,85.37,44,50,11.7,scattered clouds
584,Puerto Leguizamo,CO,-0.1934,-74.7819,68.47,89,24,0.4,few clouds
585,Yeppoon,AU,-23.1333,150.7333,74.98,67,31,8.99,scattered clouds
586,Saldanha,ZA,-33.0117,17.9442,54.64,71,7,10.47,light rain
587,Kamenka,RU,51.3223,42.7678,62.46,66,4,8.59,clear sky
588,Marquette,US,46.5333,-87.6335,69.78,82,97,8.43,overcast clouds
589,Poso,ID,-1.3959,120.7524,86.23,63,100,3.71,overcast clouds
590,Contai,IN,21.7786,87.7536,90.39,67,97,16.49,overcast clouds
591,Arman,RU,59.7,150.1667,45.23,91,100,2.93,overcast clouds
592,Kirksville,US,40.1948,-92.5833,81.82,66,0,8.05,clear sky
593,Boca Do Acre,BR,-8.7522,-67.3978,69.75,81,86,0.49,overcast clouds
594,Nerchinsk,RU,51.9833,116.5833,77.18,36,37,6.02,scattered clouds
595,Nouadhibou,MR,20.931,-17.0347,65.53,89,7,20.92,clear sky
596,General Roca,AR,-39.0333,-67.5833,46.62,60,7,5.84,clear sky
597,Filadelfia,US,39.9523,-75.1638,74.05,77,0,0.0,clear sky
598,Santa Barbara,US,34.7333,-120.0343,66.78,50,0,12.66,clear sky
599,Brigantine,US,39.4101,-74.3646,69.01,83,0,0.0,clear sky
600,Mackenzie,CA,55.2999,-123.1698,70.02,26,0,4.61,clear sky
601,Udachnyy,RU,66.4167,112.4,70.45,37,100,5.01,overcast clouds
602,Santa Rosalia,MX,27.3167,-112.2833,82.04,39,0,1.74,clear sky
603,Carutapera,BR,-1.195,-46.02,75.49,84,13,6.82,few clouds
604,Skibbereen,IE,51.55,-9.2667,53.11,81,99,3.44,overcast clouds
605,Bozdar,PK,27.1828,68.636,93.94,45,0,11.34,clear sky
606,Omboue,GA,-1.5746,9.2618,72.57,91,60,5.95,broken clouds
607,Pathein,MM,16.7833,94.7333,86.63,67,94,6.42,overcast clouds
608,Port Macquarie,AU,-31.4333,152.9167,70.9,46,0,0.74,clear sky
609,Prainha,BR,-1.8,-53.48,71.73,97,45,2.86,scattered clouds
610,Svolvaer,NO,68.2342,14.5683,51.49,87,100,4.52,light rain
611,Saluzzo,IT,44.6464,7.4862,72.63,88,76,4.61,broken clouds
612,Sao Miguel,BR,-5.4667,-35.3667,72.37,81,3,10.38,clear sky
613,Batsfjord,NO,70.6345,29.7185,40.93,89,100,8.95,overcast clouds
614,Horni Plana,CZ,48.7674,14.0326,53.1,91,34,1.99,scattered clouds
615,Lakatoro,VU,-16.0999,167.4164,82.71,75,27,14.54,scattered clouds
616,Alta Floresta,BR,-9.8756,-56.0861,72.99,65,77,1.66,broken clouds
617,Camopi,GF,3.1655,-52.3158,69.89,99,26,2.55,scattered clouds
618,Bonthe,SL,7.5264,-12.505,77.77,77,86,5.97,overcast clouds
619,Rochegda,RU,62.8,43.25,62.35,68,96,6.67,overcast clouds
620,Arys,KZ,42.4252,68.795,88.57,22,34,5.53,scattered clouds
621,Searcy,US,35.2506,-91.7363,83.14,79,0,6.91,clear sky
622,Trenggalek,ID,-8.05,111.7167,82.06,79,68,2.89,broken clouds
623,Doha,QA,25.2867,51.5333,87.78,72,0,3.44,clear sky
624,Andros Town,BS,24.7,-77.7667,82.36,74,3,13.71,clear sky
625,Porto Novo,BJ,6.4965,2.6036,82.22,89,100,9.98,moderate rain
626,Talakan,RU,50.3167,130.3667,71.02,79,95,7.63,overcast clouds
627,Tandil,AR,-37.3217,-59.1332,46.69,62,100,3.74,overcast clouds
628,Sindor,RU,62.8629,51.8905,60.24,73,6,3.33,clear sky
629,Saintes,FR,45.6667,-0.75,71.35,66,19,6.15,few clouds
630,Maldonado,UY,-34.6667,-54.9167,53.22,90,70,4.99,broken clouds
631,Kruisfontein,ZA,-34.0033,24.7314,52.88,69,74,23.38,light rain
632,Rovaniemi,FI,66.5,25.7167,53.01,87,0,5.75,clear sky
633,Tucuman,AR,-26.8241,-65.2226,48.2,87,5,8.05,smoke
634,Ahwa,IN,20.75,73.6833,80.49,68,48,9.53,scattered clouds
635,Nabire,ID,-3.3667,135.4833,83.52,75,26,4.43,scattered clouds
636,Trairi,BR,-3.2778,-39.2689,73.2,80,6,6.85,clear sky
637,Marsh Harbour,BS,26.5412,-77.0636,80.71,78,4,11.18,clear sky
638,Khani,GE,41.9563,42.9566,54.97,97,100,1.54,overcast clouds
639,Mantua,IT,45.1667,10.7833,72.55,73,33,5.37,scattered clouds
640,Huauchinango,MX,20.1833,-98.05,63.05,98,100,2.48,overcast clouds
641,Zavetnoye,RU,47.1194,43.8903,70.63,51,63,5.73,broken clouds
642,Batetskiy,RU,58.6461,30.3027,48.4,97,65,2.62,broken clouds
643,Galle,LK,6.0367,80.217,81.5,80,91,12.66,overcast clouds
644,Launceston,AU,-41.45,147.1667,51.44,97,100,13.8,overcast clouds
645,Bairiki,KI,1.3292,172.9752,86.0,70,75,5.75,broken clouds
646,Port Augusta,AU,-32.5,137.7667,63.64,61,99,15.84,overcast clouds
647,Aitape,PG,-3.1374,142.3475,86.52,62,13,7.4,few clouds
648,Tygda,RU,53.1167,126.3333,62.24,73,100,6.2,overcast clouds
649,Bereda,ES,43.2686,-7.5406,63.57,98,4,1.5,clear sky
650,Hibbing,US,47.4272,-92.9377,72.82,49,75,4.61,broken clouds
651,Bay Roberts,CA,47.5999,-53.2648,42.51,89,100,5.99,overcast clouds
652,Cabedelo,BR,-6.9811,-34.8339,72.27,75,46,9.69,scattered clouds
653,Truth Or Consequences,US,33.1284,-107.2528,95.23,7,0,16.11,clear sky
654,Westport,US,41.1415,-73.3579,72.75,74,0,1.99,clear sky
655,Olbia,IT,40.9214,9.4856,64.45,82,0,1.14,clear sky
656,Morro Bay,US,35.3658,-120.8499,89.19,73,4,5.99,clear sky
657,Leshukonskoye,RU,64.8989,45.7622,58.6,70,12,5.61,few clouds
658,Glenwood Springs,US,39.5505,-107.3248,72.41,19,0,19.57,clear sky
659,Aloleng,PH,16.1307,119.7824,86.61,66,73,2.06,broken clouds
660,Chlorakas,CY,34.8042,32.4083,68.88,78,0,6.91,clear sky
661,Xai-Xai,MZ,-25.0519,33.6442,65.79,74,5,13.51,clear sky
662,Kualakapuas,ID,-3.0091,114.3876,87.21,62,100,3.13,overcast clouds
663,Magadan,RU,59.5667,150.8,46.36,85,100,7.18,overcast clouds
664,Hobyo,SO,5.3505,48.5268,78.17,79,100,24.02,overcast clouds
665,Beatrice,US,40.2681,-96.747,84.18,83,75,0.0,broken clouds
666,Maryville,US,35.7565,-83.9705,84.4,88,20,5.75,few clouds
667,Wanning,CN,18.8003,110.3967,87.73,68,100,10.0,overcast clouds
668,Anadyr,RU,64.75,177.4833,39.7,69,20,17.9,light rain
669,Cam Ranh,VN,11.9214,109.1591,85.96,70,20,3.44,few clouds
670,Lasa,IT,46.6166,10.7002,59.36,80,24,2.26,few clouds
671,Inirida,CO,3.8653,-67.9239,69.98,98,97,1.12,overcast clouds
672,Bosaso,SO,11.2842,49.1816,91.2,40,71,20.31,broken clouds
673,Saint Anthony,US,45.0205,-93.218,87.73,53,0,14.97,clear sky
674,Ixtapa,MX,20.7,-105.2,83.23,74,100,10.36,overcast clouds
675,Parana,AR,-31.732,-60.5238,55.56,78,68,7.85,broken clouds
676,Kampene,CD,-3.6,26.6667,67.87,91,30,1.61,scattered clouds
677,Kichera,RU,55.9375,110.0997,73.92,44,25,5.55,scattered clouds
678,Pochutla,MX,15.7432,-96.4661,78.62,76,100,2.93,overcast clouds
679,Akureyri,IS,65.6835,-18.0878,46.33,93,75,5.75,broken clouds
680,Vytegra,RU,61.0064,36.4481,55.51,97,100,7.76,overcast clouds
681,Salym,RU,60.0625,71.4789,52.34,96,100,6.58,overcast clouds
